title,artist
Unholy,Sam Smith & Kim Petras
Eagle (feat. KB),Transformation Worship
Everywhere,Fleetwood Mac
I'm Good (Blue),David Guetta & Bebe Rexha
wait in the truck,HARDY & Lainey Wilson
Son Of A Sinner,Jelly Roll
Thank God,Kane Brown & Katelyn Brown
You Proof,Morgan Wallen
A Thousand Years,Christina Perri
I Ain't Worried,OneRepublic
Unstoppable,Sia
CUFF IT,Beyoncé
Left and Right,Charlie Puth & Jung Kook
Wasted On You,Morgan Wallen
She Had Me At Heads Carolina,Cole Swindell
As It Was,Harry Styles
Under the Influence,Chris Brown
Fall In Love,Bailey Zimmerman
Lose Yourself,Eminem
The Kind of Love We Make,Luke Combs
Shallow,Lady Gaga & Bradley Cooper
Super Freaky Girl,Nicki Minaj
High Heels,Flo Rida & Walker Hayes
Celestial,Ed Sheeran
Life Is a Highway,Rascal Flatts
Sunroof,Nicky Youre & Dazy
Shivers,Ed Sheeran
I Like You (A Happier Song) [feat. Doja Cat],Post Malone
Hold Me Closer,Elton John & Britney Spears
Love Me Like You Do,Ellie Goulding
Running Up That Hill (A Deal with God),Kate Bush
Victoria’s Secret,Jax
About Damn Time,Lizzo
2 Be Loved (Am I Ready),Lizzo
Earned It,The Weeknd
"You, Me, And Whiskey",Justin Moore & Priscilla Block
Numb,Marshmello & Khalid
You'll Be In My Heart,Phil Collins
Rock and a Hard Place,Bailey Zimmerman
STAR WALKIN' (League of Legends Worlds Anthem),Lil Nas X
Gangsta's Paradise (feat. L.V.),Coolio
This Is Halloween,The Citizens of Halloween
It Will Rain,Bruno Mars
Vegas (From the Original Motion Picture Soundtrack ELVIS),Doja Cat
Way of the Triune God (Hallelujah Version),Tyler Childers
Always Remember Us This Way,Lady Gaga
Next Thing You Know,Jordan Davis
Bones,Imagine Dragons
Don’t Come Lookin’,Jackson Dean
Soul,Lee Brice
Cold Heart (PNAU Remix),Elton John & Dua Lipa
Something in the Orange (Z&E's Version),Zach Bryan
Bad Habit,Steve Lacy
Tennessee Orange,Megan Moroney
How Do I Say Goodbye,Dean Lewis
Monster Mash,"Bobby ""Boris"" Pickett & The Crypt-Kickers"
Tennessee Whiskey,Chris Stapleton
What My World Spins Around,Jordan Davis
CUFF IT,Beyoncé
Over For You (Live in Melbourne),Morgan Evans
Love Me Like I Am,for KING & COUNTRY & Jordin Sparks
"Take Me Home, Country Roads",John Denver
Something in the Orange,Zach Bryan
Forever,"Drake, Kanye West, Lil Wayne & Eminem"
The Joke,Brandi Carlile
Tití Me Preguntó,Bad Bunny
Bedroom Singer,J.Fla
Late Night Talking,Harry Styles
Forget Me,Lewis Capaldi
Narco,Blasterjaxx & Timmy Trumpet
5 Foot 9,Tyler Hubbard
Joy of My Life,Chris Stapleton
Hold My Hand,Lady Gaga
Country On,Luke Bryan
World's Smallest Violin,AJR
Never Leave,Bailey Zimmerman
Betty (Get Money),Yung Gravy
I'm Good (Blue),David Guetta & Bebe Rexha
Half Of Me (feat. Riley Green),Thomas Rhett
No Se Va (En Vivo),Grupo Frontera
CASE 143,Stray Kids
Fancy Like,Walker Hayes
Beer With My Friends,Kenny Chesney & Old Dominion
Top Of The World,Shawn Mendes
Annie's Song,John Denver
Say My Name,ATEEZ
Glimpse of Us,Joji
Rocky Mountain High,John Denver
Save Me,Jelly Roll
Lady Marmalade,"Christina Aguilera, Lil' Kim, Mýa & P!nk"
She Likes It (feat. Jake Scott),Russell Dickerson & Jake Scott
"Boulevard of Broken Dreams (feat. John Gallagher Jr., Rebecca Naomi Jones, Stark Sands & Company)",Green Day
'Til You Can't,Cody Johnson
One Way or Another (Hocus Pocus 2 Version),"Bette Midler, Sarah Jessica Parker & Kathy Najimy"
Sweet Child O' Mine,Guns N' Roses
We Don't Talk About Bruno,"Carolina Gaitán - La Gaita, Mauro Castillo, Adassa, Rhenzy Feliz, Diane Guerrero, Stephanie Beatriz & Encanto - Cast"
Me Porto Bonito,Bad Bunny & Chencho Corleone
Whiskey Glasses,Morgan Wallen
Don't You (Forget About Me),Simple Minds
Starting Over,Chris Stapleton
